Name,SAT,ACT(25%-75%),GPA,Acceptance Rate,Test Policy,Major Guidance,Region,Size,Community
Harvard University,1500-1580 (25%-75%）,34-36,3.9(UW),4%,Required,Overall pool only,East,small,academic
Yale University,1480-1560 (25%-75%）,33-35,3.95(UW),4.60%,Required,Overall pool only,East,small,academic
Princeton University,1510-1580 (25%-75%）,34-36,3.97(UW),5%,Required,engineering: direct; default: indirect (AB vs BSE),East,small,academic
Columbia University,1510-1560 (25%-75%）,34-36,3.97(UW),3.90%,Required,engineering: direct (SEAS),East,medium,academic
Brown University,1480-1560 (25%-75%）,34-36,3.97(UW),5.65%,Required,Overall pool only,East,small,academic
Dartmouth College,1500-1570 (25%-75%）,33-35,3.95(UW),6%,Required,engineering: indirect,East,small,balanced
University of Pennsylvania,1510-1560 (25%-75%）,34-35,3.91(UW),5%,Required,"business: direct (Wharton), selective; engineering: direct",East,medium,balanced
Cornell University,730-750(English) 770-790(Math),33-35,,8%,Required,"engineering: direct; business: direct (Dyson), selective; cs: selective",East,medium,academic
Stanford University,770-800(Math) 740-780(English),34-35,,3.61%,Required,Overall pool only,West,medium,balanced
MIT,780-800(Math) 740-780(English),34-36,,4.60%,Required,cs: strong; engineering: strong; business: indirect (no UG biz school),East,small,academic
University of Chicago,1510-1560 (25%-75%）,34-35,,4.48%,Optional,business: indirect,Midwest,medium,academic
Boston University,1420-1530 (25%-75%）,32-34,3.7-4.0(UW),11%,Optional,engineering: direct; business: direct (Questrom),East,medium,balanced
Duke University,1520-1570 (25%-75%）,34-36,,5.20%,Optional,engineering: direct; business: indirect,South,medium,balanced
Northwestern University,1500-1560 (25%-75%）,33-35,,7%,Optional,engineering: direct (McCormick),Midwest,medium,balanced
Johns Hopkins University,1530-1570 (25%-75%）,35(AVG),3.95(UW),6%,Required,engineering: direct; bio: strong,East,medium,academic
Vanderbilt University,1510-1560 (25%-75%）,34-35,,4.50%,Optional,engineering: direct,South,medium,social
Rice University,1510-1560 (25%-75%）,34-36,,8%,Optional,engineering: strong,South,medium,academic
Washington University in St. Louis,1490-1550 (25%-75%）,33-35,,12%,Optional,business: direct (Olin); engineering: direct; bio: strong,Midwest,medium,balanced
UC Berkeley,Test-Blind,Test-Blind,3.89-4.00(UW) 4.31-4.65(W),11%,Test-Blind,cs: selective; business: selective; engineering: direct; bio: selective,West,large,academic
UCLA,Test-Blind,Test-Blind,3.95-4.00(UW) 4.44-4.78(W),9%,Test-Blind,cs: selective; business: selective; engineering: direct,West,large,balanced
UC San Diego,Test-Blind,Test-Blind,4.12-4.29(W),28%,Test-Blind,cs: selective; engineering: direct; bio: strong,West,large,balanced
UC Santa Barbara,Test-Blind,Test-Blind,4.09-4.28(W),38.30%,Test-Blind,engineering: direct; cs: selective,West,large,balanced
UC Irvine,Test-Blind,Test-Blind,4.04-4.27(W) 3.84-4.00(UW),28.94%,Test-Blind,cs: selective; business: selective; engineering: direct,West,large,balanced
UC Davis,Test-Blind,Test-Blind,4.00-4.26(W) 3.79-4.00(UW),44.60%,Test-Blind,engineering: direct; bio: strong,West,large,balanced
UC Santa Cruz,Test-Blind,Test-Blind,3.83-4.20(W),72.70%,Test-Blind,Overall pool only,West,large,balanced
UC Riverside,Test-Blind,Test-Blind,3.65-4.16(W),87.10%,Test-Blind,Overall pool only,West,large,balanced
UC Merced,Test-Blind,Test-Blind,3.54-4.15(W),95.10%,Test-Blind,Overall pool only,West,large,balanced
University of Notre Dame,1460-1540 (25%-75%）,33-35,,9%,Optional,business: direct (Mendoza); engineering: direct,Midwest,medium,balanced
Georgetown University,690-780(Math) 700-770(English),32-35,,13%,Required,"business: direct (McDonough), selective",East,medium,balanced
Carnegie Mellon University,770-800(Math) 730-770(English),34-35,3.89(UW),12%,"School of Computer Science:Required 
 Else:Optional","cs: selective, extra: SAT required; engineering: direct, strong; business: direct (Tepper)",Midwest,medium,academic
Emory University,740-770(English) 760-800(Math),33-35,3.83(UW),10.30%,Optional,business: indirect (Goizueta),South,medium,balanced
USC,1490-1550 (25%-75%）,33-35,3.87-4.00(UW),11.20%,Optional,business: direct (Marshall); engineering: direct; cs: strong,West,medium,social
University of Michigan,690-780（Math）690-750(English),34-35,3.91(UW),16%,Optional,"business: direct (Ross), selective; engineering: direct; cs: selective",Great Lakes,large,balanced
NYU,1470-1570 (25%-75%）,33-35,3.7(UW),8%,Optional,"business: direct (Stern), selective; engineering: direct (Tandon); default: CAS for most majors",East,large,balanced
Tufts University,740-790(Math) 730-770(English),33-35,,10.80%,Optional,engineering: direct,East,medium,balanced
Caltech,1500-1600 (25%-75%）,35-36,,3.78%,Required,cs: strong; engineering: strong,West,small,academic
Babson College,1450-1530 (25%-75%）,32-34,,16%,Optional,"business: direct, strong",East,small,balanced
University of Virginia,710-780(Math) 700-760(English),32-35,,12.50%,Optional,"business: direct (McIntire), selective; engineering: direct",South,medium,balanced
University of North Carolina at Chapel Hill,1400-1520(25%-75%）,29-34,4.44-4.61(W),15%,Optional,"business: direct (Kenan-Flagler), selective; cs: selective",South,large,balanced
University of Florida,1380-1510 (25%-75%）,31-34,4.5-4.7(W),24%,Required,business: direct; engineering: direct,South,large,social
University of Texas at Austin,1250-1510 (25%-75%）,27-33,,27%,Required,"business: direct (McCombs), selective; engineering: direct; cs: selective",South,large,social
Georgia Tech,1440(AVG),32(AVG),4.1(W),13%,Required,"engineering: direct, strong; cs: strong, selective; business: direct",South,large,academic
University of Wisconsin-Madison,1350-1510 (25%-75%）,29-33,,45%,Optional,business: direct; engineering: direct; cs: selective,Midwest,large,social
University of Illinois Urbana-Champaign,1420-1540 (25%-75%）,31-35,3.7-4.0(UW),36.60%,Optional,"engineering: direct, strong; cs: selective, strong; business: direct",Midwest,large,balanced
Purdue University,1220-1480 (25%-75%）,28-34,,43.40%,Required,"engineering: direct, strong; cs: selective; business: direct",Midwest,large,balanced
Ohio State University,1350-1450 (25%-75%）,29-33,3.6-4.0(UW),61%,Required,engineering: direct; business: direct,Midwest,large,balanced
University of Washington,1280-1490 (25%-75%）,28-33,3.75-3.98(UW),39%,Optional,"cs: selective, intl-limited; engineering: direct",West,large,balanced
Boston College,1440-1520 (25%-75%）,33-35,,14%,Optional,business: direct (Carroll),East,medium,balanced
Wake Forest University,1440-1520 (25%-75%）,32-34,,22%,Optional,Overall pool only,South,medium,social
Northeastern University,1475(MEAN),33-35,,5.22%,Optional,business: direct (D’Amore-McKim); engineering: direct; cs: strong,East,medium,balanced
Case Western Reserve University,1440-1550 (25%-75%）,32-35,,38%,Optional,engineering: strong; bio: strong,Midwest,medium,academic
University of Rochester,1440-1550 (25%-75%）,32-35,,40%,Optional,Overall pool only,East,medium,academic
Brandeis University,1380-1480 (25%-75%）,31-34,,45%,Optional,Overall pool only,East,medium,balanced
Lehigh University,700-750(English) 710-780(Math),32-35,,26%,Optional,Overall pool only,East,medium,balanced
Villanova University,1390-1510 (25%-75%）,32-34,,27%,Optional,Overall pool only,East,medium,balanced
Santa Clara University,1350-1490 (25%-75%）,31-33,,48%,Optional,business: direct; engineering: direct; cs: strong,West,medium,balanced
Williams College,1490-1570 (25%-75%）,34-35,,8.60%,Optional,Overall pool only,East,small,academic
Claremont McKenna College,1470-1560 (25%-75%）,33-35,,10%,Optional,Overall pool only,West,small,balanced
Pomona College,1490-1560 (25%-75%）,33-35,,7%,Optional,Overall pool only,West,small,academic
Harvey Mudd College,1500-1570 (25%-75%）,34-36,,13%,Optional,cs: strong; engineering: strong,West,small,academic
Scripps College,1440-1540（25%-75%）,31-34,,38%,Optional,Overall pool only,West,small,balanced
Pitzer College,Test-Blind,Test-Blind,3.96(UW),28.60%,Test-Blind,Overall pool only,West,small,balanced
Loyola Marymount University,1260-1430(25%-75%）,28-32,,45%,Optional,Overall pool only,West,medium,balanced
Pepperdine University,1330-1420 (25%-75%）,30-32,3.64-3.88(UW),63%,Optional,Overall pool only,West,medium,balanced
Cal Poly San Luis Obispo,Test-Blind,Test-Blind,4.06-4.12(W),31%,Test-Blind,"engineering: direct, strong; business: direct; cs: selective",West,medium,balanced
Cal Poly Pomona,Test-Blind,Test-Blind,3.5-4.0(UW),74%,Test-Blind,engineering: direct; business: direct,West,medium,balanced
San José State University,Test-Blind,Test-Blind,3.53(UW),85%,Test-Blind,"business: direct, strong; cs: selective; engineering: direct",West,medium,balanced
Chapman University,1350(AVG),30(AVG),3.78(UW),65%,Optional,Overall pool only,West,medium,balanced
Amherst College,1470-1540(25%-75%),33-35,4.13(W),9%,Optional,Overall pool only,East,small,academic
Swarthmore College,1480-1520(25%-75%),33-35,4.13(W),7%,Optional,Overall pool only,East,small,academic
Bowdoin College,1470-1540(25%-75%),33-35,,7%,Optional,Overall pool only,East,small,balanced
Middlebury College,1460-1530(25%-75%),33-35,,11%,Optional,Overall pool only,East,small,balanced
Wellesley College,1460-1540(25%-75%),33-35,,14%,Optional,Overall pool only,East,small,balanced
Barnard College,1480-1540(25%-75%),32-34,4.13(W),9%,Optional,Overall pool only,East,small,balanced
Haverford College,1460-1530(25%-75%),33-35,,12%,Optional,Overall pool only,East,small,balanced
Wesleyan University,1300-1500(25%-75%),31-34,3.9(UW),16%,Optional,Overall pool only,East,small,balanced
Colgate University,1450-1530(25%-75%),33-34,3.85(W),14%,Optional,Overall pool only,East,small,balanced
Hamilton College,1440-1510(25%-75%),33-35,4.11(W),13.50%,Optional,Overall pool only,East,small,balanced
Davidson College,710-760(English) 690-760(Math),32-34,3.86(UW),13%,Optional,Overall pool only,South,small,balanced
University of Miami,1350-1450(25%-75%),30-33,3.75(UW),18%,Required,business: direct (Miami Herbert),South,medium,social
Tulane University,1430-1500(25%-75%),32-34,3.67(UW),14%,Optional,Overall pool only,South,medium,social
"University of Maryland, College Park",1410-1520(25%-75%),32-35,4.41(W),45.10%,Optional,engineering: direct; cs: selective; business: direct (Smith),East,large,balanced
Penn State University,1320-1460(25%-75%),29-34,3.61-3.93 (UW),61%,Optional,engineering: direct; business: direct (Smeal),East,large,social
Texas A&M University,1160-1390(25%-75%),24-32,,57%,Optional,engineering: direct; business: direct (Mays); cs: selective,South,large,balanced
Indiana University Bloomington,1250-1450(25%-75%),29-33,3.73-4.00(UW),78%,Optional,"business: direct (Kelley), selective",Midwest,large,social
Michigan State University,1100-1310(25%-75%),25-31,3.74(UW),85%,Optional,Overall pool only,Great Lakes,large,balanced
Rutgers University-New Brunswick,630-720(English) 640-760(Math),28-33,3.7-4.2(W),41%,Optional,business: direct; engineering: direct,East,large,balanced
George Washington University,1310-1450(25%-75%),31-34,,47%,Optional,Overall pool only,East,medium,balanced
American University,1320-1440(25%-75%),30-33,3.57-4.02(W),62%,Optional,Overall pool only,East,medium,balanced
Fordham University,1340-1470(25%-75%),30-33,3.75(UW),59%,Optional,business: direct (Gabelli),East,medium,balanced
Syracuse University,1280-1410(25%-75%),28-32,3.8(UW),46%,Optional,Overall pool only,East,medium,social
University of Richmond,1430-1510(25%-75%),33-35,3.81(W),22%,Optional,Overall pool only,South,medium,balanced
Bucknell University,1170-1360(25%-75%),25-32,3.58(W),32%,Optional,Overall pool only,East,small,balanced
Lafayette College,1360-1490(25%-75%),31-33,3.56(UW),31%,Optional,Overall pool only,East,small,balanced
Macalester College,1350-1480(25%-75%),30-33,,29%,Optional,Overall pool only,Midwest,small,balanced
Grinnell College,1430-1520(25%-75%),31-34,,15%,Optional,Overall pool only,Midwest,small,balanced
Kenyon College,1400-1495(25%-75%),31-34,4.15(W),31%,Optional,Overall pool only,Midwest,small,balanced
Bates College,1325-1510(25%-75%),31-34,,15%,Optional,Overall pool only,East,small,balanced
Colorado College,1240-1430(25%-75%),28-34,3.39(UW),22%,Optional,Overall pool only,West,small,balanced
Reed College,Test-Blind,Test-Blind,4.00(W),25%,Test-Blind,Overall pool only,West,small,academic
Skidmore College,1360-1460(25%-75%),31-34,,21%,Optional,Overall pool only,East,small,balanced
Trinity College,1450-1460(25%-75%),31-33,,29%,Optional,Overall pool only,East,small,balanced
Union College,1320-1470(25%-75%),30-34,3.7(UW),44%,Optional,Overall pool only,East,small,balanced
Rensselaer Polytechnic Institute,1380-1500(25%-75%),31-34,3.93(UW),63%,Optional,engineering: strong; cs: strong,East,medium,academic
Worcester Polytechnic Institute,1300-1460(25%-75%),31(AVG),3.9(W),60%,Optional,engineering: strong; cs: strong,East,medium,academic
Stevens Institute of Technology,1370-1470(25%-75%),32-34,3.83(W),51%,Optional,engineering: strong; cs: strong; business: direct,East,medium,academic
University of Connecticut,1220-1420(25%-75%),28-33,,52%,Optional,Overall pool only,East,medium,balanced
Olin College of Engineering,1500-1560(25%-75%),34-35,3.9(UW),15.40%,Optional,"engineering: direct, strong",East,small,academic
Stony Brook University-SUNY,1350-1470(25%-75%),30-34,3.78(UW),49%,Optional,engineering: direct; cs: selective,East,large,balanced
"University of Minnesota,Twin Cities",1320-1470(25%-75%),26-31,,80%,Optional,engineering: direct; business: direct (Carlson); cs: selective,Midwest,large,balanced
North Carolina State University,1290-1440(25%-75%),25-32,3.83(UW),39.46%,Optional,engineering: direct; cs: selective,South,large,balanced
"University of Massachusetts, Amherst",1330-1480(25%-75%),30-34,4.05(W),59%,Optional,cs: selective; business: direct (Isenberg),East,large,balanced
Binghamton University-SUNY,1320-1480(25%-75%),31-34,3.88(W),38%,Optional,"business: direct (SOM), selective",East,large,balanced
University at Buffalo-SUNY,610-690(English) 610-700(Math),27-31,3.66(UW),57%,Optional,Overall pool only,East,large,balanced
Drexel University,1260-1430(25%-75%),28-33,3.79(W),70%,Optional,Overall pool only,East,medium,balanced
Baruch College-CUNY,550-690(English) 550-710(Math),23-29,3.66(W),48%,Optional,"business: strong, selective",East,medium,balanced
Brigham Young University,1290-1430(25%-75%),28-32,3.89(W),68%,Optional,Overall pool only,West,medium,balanced
The University of Utah,1120-1320(25%-75%),22-29,3.64(W),86%,Optional,Overall pool only,West,large,balanced
